,State,Agency name,Lat,Lng
2,Alaska,Anchorage,61.2180556,-149.9002778
3,Alaska,Fairbanks,64.8377778,-147.7163888
4,Alaska,Juneau,58.3019444,-134.4197221
5,Alaska,Kotzebue,66.89833329999999,-162.5966666
9,Arizona,Coolidge,32.977839,-111.517624
10,Arizona,Flagstaff,35.1982836,-111.651302
11,Arizona,Gilbert,33.3528264,-111.789027
12,Arizona,Glendale,33.5386523,-112.1859866
13,Arizona,Maricopa,33.0581063,-112.0476423
14,Arizona,Mesa,33.4151843,-111.8314724
15,Arizona,Page,36.91472220000001,-111.4558333
16,Arizona,Peoria,33.5805955,-112.2373779
17,Arizona,Phoenix,33.4483771,-112.0740373
18,Arizona,Prescott,34.5400242,-112.4685025
19,Arizona,Scottsdale,33.4941704,-111.9260519
20,Arizona,St. Johns,34.5058698,-109.3609327
21,Arizona,Surprise,33.6292337,-112.3679279
22,Arizona,Tempe,33.4255104,-111.9400054
23,Arizona,Tucson,32.2226066,-110.9747108
24,Arizona,Yuma,32.6926512,-114.6276916
26,Arizona,University of Arizona,32.2318851,-110.9501094
31,Arkansas,Benton,34.5645371,-92.586828
32,Arkansas,Fort Smith,35.3859242,-94.39854749999999
33,Arkansas,Hot Springs,34.5037004,-93.0551795
34,Arkansas,Newport,35.6048018,-91.2817951
35,Arkansas,Rogers,36.3320196,-94.1185366
36,Arkansas,Sherwood,34.8150907,-92.2243153
37,Arkansas,Springdale,36.18674420000001,-94.1288141
44,California,Alameda,37.7798721,-122.2821855
45,California,Albany,37.886704,-122.2977557
46,California,American Canyon,38.1749178,-122.2608044
47,California,Anaheim,33.8365932,-117.9143012
48,California,Antioch,38.0049214,-121.805789
49,California,Apple Valley,34.5008311,-117.1858759
50,California,Arvin,35.2017986,-118.833105
51,California,Azusa,34.1336186,-117.9075627
52,California,Bakersfield,35.3732921,-119.0187125
53,California,Baldwin Park,34.0852868,-117.9608978
54,California,Beaumont,33.9294606,-116.977248
56,California,Bellflower,33.8816818,-118.1170117
57,California,Bell Gardens,33.9652918,-118.1514588
58,California,Berkeley,37.8718992,-122.2585399
59,California,Beverly Hills,34.0736204,-118.4003563
60,California,Brea,33.916475,-117.9002918
61,California,Brentwood,37.931868,-121.6957863
62,California,Buena Park,33.8674044,-117.9981387
63,California,Burbank,34.1808392,-118.3089661
64,California,Calabasas,34.1367208,-118.6614809
65,California,Calimesa,34.0039039,-117.0619755
66,California,Camarillo,34.2163937,-119.0376023
67,California,Capitola,36.9752283,-121.953293
68,California,Carlsbad,33.1580933,-117.3505939
69,California,Carson,33.8316745,-118.281693
70,California,Central Marin,38.083403,-122.7633036
71,California,Chino Hills,33.9898188,-117.7325848
72,California,Chula Vista,32.6400541,-117.0841955
73,California,Citrus Heights,38.7071247,-121.2810611
74,California,Claremont,34.0966764,-117.7197785
75,California,Clayton,37.9410341,-121.9357925
76,California,Clearlake,38.9582307,-122.6263728
77,California,Clovis,36.8252277,-119.7029194
78,California,Commerce,34.0005691,-118.1597929
79,California,Compton,33.8958492,-118.2200712
80,California,Corning,39.9276572,-122.1791556
81,California,Corona,33.8752935,-117.5664384
82,California,Cupertino,37.3229978,-122.0321823
83,California,Cypress,33.8169366,-118.0368507
84,California,Daly City,37.6879241,-122.4702079
85,California,Davis,38.5449065,-121.7405167
86,California,Downey,33.9401088,-118.1331593
87,California,Eastvale,33.952463,-117.5848025
88,California,El Cajon,32.7947731,-116.9625269
89,California,El Cerrito,37.9161326,-122.310765
90,California,Elk Grove,38.4087993,-121.3716178
91,California,El Monte,34.0686206,-118.0275667
92,California,El Segundo,33.9191799,-118.4164652
93,California,Encinitas,33.0369867,-117.2919818
94,California,Escalon,37.7974273,-120.9966033
95,California,Escondido,33.1192068,-117.086421
96,California,Eureka,40.8020712,-124.1636729
97,California,Fairfield,38.2491956,-122.0405151
98,California,Fillmore,34.3991639,-118.918154
99,California,Folsom,38.6779591,-121.1760583
100,California,Fontana,34.0922335,-117.435048
101,California,Fort Bragg,39.445723,-123.8052935
102,California,Foster City,37.5585465,-122.2710788
103,California,Fountain Valley,33.7090212,-117.9544069
104,California,Fremont,37.5485396,-121.988583
105,California,Fresno,36.7377981,-119.7871247
106,California,Galt,38.2546373,-121.2999485
107,California,Gardena,33.8883487,-118.3089624
108,California,Garden Grove,33.7742692,-117.9379952
109,California,Glendale,34.1425078,-118.255075
110,California,Glendora,34.1361187,-117.865339
111,California,Gridley,39.3637773,-121.6935833
112,California,Hawaiian Gardens,33.8314045,-118.0728424
113,California,Hawthorne,33.9164032,-118.3525748
114,California,Hayward,37.6687665,-122.0809964
115,California,Hemet,33.7475203,-116.9719684
116,California,Hesperia,34.4263886,-117.3008784
117,California,Huntington Beach,33.6594835,-117.9988026
118,California,Huntington Park,33.9816812,-118.2250725
119,California,Imperial Beach,32.5839444,-117.1130849
120,California,Inglewood,33.9616801,-118.3531311
121,California,Irvine,33.6845673,-117.8265049
122,California,Jurupa Valley,33.9971974,-117.4854802
123,California,Laguna Woods,33.6101702,-117.7251162
124,California,Lakeport,39.0429506,-122.9158293
125,California,La Mesa,32.7678287,-117.0230839
126,California,Lancaster,34.6867846,-118.1541632
127,California,Lawndale,33.887237,-118.3525744
128,California,Livermore,37.6818688,-121.7684732
129,California,Lodi,38.1341477,-121.2722194
130,California,Long Beach,33.7700504,-118.1937395
131,California,Los Angeles,34.0522342,-118.2436849
132,California,Los Banos,37.0582786,-120.8499151
133,California,Lynwood,33.930293,-118.2114603
134,California,Malibu,34.0259216,-118.7797571
135,California,Marysville,39.1457253,-121.5913547
136,California,Menifee,33.6971468,-117.185294
137,California,Modesto,37.6392595,-120.9970014
138,California,Monterey,36.6002378,-121.8946761
139,California,Moreno Valley,33.9424658,-117.2296717
141,California,Mountain View,37.3860517,-122.0838511
142,California,Newark,37.5299765,-122.0383968
143,California,Newport Beach,33.6188829,-117.9298493
144,California,Norwalk,33.9022367,-118.081733
145,California,Oakland,37.8043514,-122.2711639
146,California,Oceanside,33.1958696,-117.3794834
147,California,Orange,33.7879139,-117.8531007
148,California,Oroville,39.5137752,-121.556359
149,California,Oxnard,34.1975048,-119.1770516
150,California,Pacifica,37.6138253,-122.4869194
151,California,Palmdale,34.5794343,-118.1164613
152,California,Palm Springs,33.8302961,-116.5452921
153,California,Palo Alto,37.4418834,-122.1430195
154,California,Paramount,33.8894598,-118.1597911
155,California,Parlier,36.6116174,-119.5270734
156,California,Pasadena,34.1477849,-118.1445155
157,California,Perris,33.7825194,-117.2286478
158,California,Petaluma,38.232417,-122.6366524
159,California,Pinole,38.0043667,-122.2988587
160,California,Pittsburg,38.0279762,-121.8846806
161,California,Placentia,33.8710729,-117.8627548
162,California,Pleasanton,37.6604484,-121.8757968
163,California,Poway,32.9628232,-117.0358646
164,California,Rancho Cucamonga,34.10639889999999,-117.5931084
165,California,Rancho Santa Margarita,33.640171,-117.602832
166,California,Red Bluff,40.1784886,-122.2358302
167,California,Redding,40.5865396,-122.3916754
168,California,Redlands,34.0555693,-117.1825381
169,California,Redwood City,37.48521520000001,-122.2363548
170,California,Rialto,34.1064001,-117.3703235
171,California,Richmond,37.9357576,-122.3477486
173,California,Ripon,37.7394537,-121.1354141
174,California,Riverside,33.9806005,-117.3754942
175,California,Roseville,38.7521235,-121.2880059
176,California,Sacramento,38.5815719,-121.4943996
178,California,San Bernardino,34.1083449,-117.2897652
179,California,San Bruno,37.6304904,-122.4110835
180,California,San Clemente,33.4273521,-117.6126004
181,California,San Diego,32.715738,-117.1610838
182,California,San Dimas,34.1066756,-117.8067257
183,California,San Francisco,37.7749295,-122.4194155
184,California,San Gabriel,34.09611110000001,-118.1058333
185,California,San Jacinto,33.7839084,-116.958635
186,California,San Jose,37.3382082,-121.8863286
187,California,San Leandro,37.7257663,-122.1568554
188,California,San Luis Obispo,35.2827524,-120.6596156
189,California,San Marcos,33.1433723,-117.1661449
190,California,San Mateo,37.5629917,-122.3255254
191,California,San Pablo,37.9621457,-122.3455263
192,California,San Rafael,37.9735346,-122.5310874
193,California,San Ramon,37.7643595,-121.9539616
194,California,Santa Ana,33.7454725,-117.867653
195,California,Santa Barbara,34.4208305,-119.6981901
196,California,Santa Clarita,34.3916641,-118.542586
197,California,Santa Cruz,36.9741171,-122.0307963
198,California,Santa Maria,34.9530337,-120.4357191
199,California,Santa Monica,34.0194543,-118.4911912
200,California,Santa Rosa,38.440429,-122.7140548
201,California,Santee,32.8383828,-116.9739167
202,California,Scotts Valley,37.0510595,-122.0146841
203,California,Seaside,36.6149217,-121.822098
204,California,Simi Valley,34.2694474,-118.781482
205,California,South Gate,33.954737,-118.2120161
207,California,South Pasadena,34.1161196,-118.1503488
208,California,Stockton,37.9577016,-121.2907796
209,California,Sunnyvale,37.36883,-122.0363496
210,California,Thousand Oaks,34.1705609,-118.8375937
211,California,Torrance,33.8358492,-118.3406288
212,California,Tracy,37.7396513,-121.4252227
213,California,Turlock,37.4945743,-120.8459786
214,California,Union City,37.5933562,-122.0438609
215,California,Upland,34.09751,-117.6483876
216,California,Vallejo,38.1040864,-122.2566367
217,California,Ventura,34.2804923,-119.2945199
218,California,Victorville,34.5362184,-117.2927641
219,California,Vista,33.2000368,-117.2425355
220,California,Walnut Creek,37.9100783,-122.0651819
221,California,West Covina,34.0686208,-117.9389526
222,California,West Hollywood,34.0900091,-118.3617443
223,California,Williams,39.1546137,-122.1494187
224,California,Yucaipa,34.033625,-117.0430865
225,California,Yucca Valley,34.1141743,-116.432235
227,California,"California State University, Fresno",36.8133631,-119.7460947
228,California,"California State University, Northridge",34.2410366,-118.5276745
229,California,Foothill-De Anza College,37.3620489,-122.1271421
230,California,Humboldt State University,40.8747332,-124.0789268
231,California,San Francisco State University,37.7241492,-122.4799405
233,California,"University of California, Davis",38.5382322,-121.7617125
234,California,"University of California, Los Angeles",34.068921,-118.4451811
235,California,"University of California, San Diego",32.8800604,-117.2340135
236,California,"University of California, Santa Barbara",34.4139629,-119.848947
270,Colorado,Aurora,39.7294319,-104.8319195
271,Colorado,Boulder,40.0149856,-105.2705456
272,Colorado,Brighton,39.9852617,-104.8205283
273,Colorado,Canon City,38.4494063,-105.2253316
274,Colorado,Centennial,39.5807452,-104.8771726
275,Colorado,Colorado Springs,38.8338816,-104.8213634
276,Colorado,Commerce City,39.8083196,-104.9338675
277,Colorado,Denver,39.7392358,-104.990251
278,Colorado,Fort Collins,40.5852602,-105.084423
279,Colorado,Golden,39.755543,-105.2210997
280,Colorado,Grand Junction,39.0638705,-108.5506486
281,Colorado,Lafayette,39.9935959,-105.0897058
282,Colorado,Lone Tree,39.536482,-104.8970678
283,Colorado,Longmont,40.1672068,-105.1019275
284,Colorado,Louisville,39.977763,-105.1319296
285,Colorado,Rifle,39.5347023,-107.7831198
286,Colorado,Silverthorne,39.6296191,-106.0712941
287,Colorado,Sterling,40.6255415,-103.207709
288,Colorado,Trinidad,37.1694632,-104.5005407
289,Colorado,Woodland Park,38.9938808,-105.0569301
292,Colorado,"Colorado State University, Fort Collins",40.573436,-105.0865473
293,Colorado,"University of Colorado, Boulder",40.00758099999999,-105.2659417
294,Colorado,"University of Colorado, Colorado Springs",38.8962961,-104.8061551
312,Connecticut,Berlin,41.621488,-72.7456519
313,Connecticut,Bethel,41.3712283,-73.41396209999999
315,Connecticut,Bristol,41.67176480000001,-72.9492703
316,Connecticut,Danbury,41.394817,-73.4540111
317,Connecticut,East Hartford,41.7634219,-72.6128339
318,Connecticut,Fairfield,41.1408363,-73.2612615
319,Connecticut,Glastonbury,41.6861794,-72.5450779
320,Connecticut,Groton,41.3497456,-72.0790717
321,Connecticut,Guilford,41.288906,-72.674364
322,Connecticut,Middletown,41.5623209,-72.6506488
323,Connecticut,New Haven,41.308274,-72.9278835
324,Connecticut,New Milford,41.5770433,-73.4085463
325,Connecticut,Norwalk,41.11774399999999,-73.4081575
326,Connecticut,Norwich,41.5242649,-72.07591049999999
327,Connecticut,Old Saybrook,41.2960159,-72.38453009999999
328,Connecticut,Orange,41.278637,-73.0265277
329,Connecticut,Putnam,41.90460119999999,-71.8689917
330,Connecticut,Ridgefield,41.28406349999999,-73.4975412
331,Connecticut,Rocky Hill,41.6572525,-72.66557569999999
332,Connecticut,Southington,41.5964869,-72.8776013
333,Connecticut,South Windsor,41.8489872,-72.57175509999999
334,Connecticut,Stamford,41.0534302,-73.5387341
335,Connecticut,Stratford,41.18454149999999,-73.1331651
336,Connecticut,Torrington,41.8003049,-73.1211715
337,Connecticut,Trumbull,41.2428563,-73.2006639
338,Connecticut,Vernon,41.8186802,-72.47903699999999
339,Connecticut,Waterbury,41.5581525,-73.0514965
340,Connecticut,Willimantic,41.7106543,-72.2081338
341,Connecticut,Windsor,41.8525984,-72.64370219999999
342,Connecticut,Woodbridge,41.352597,-73.0084385
344,Connecticut,Southern Connecticut State University,41.3317662,-72.94834159999999
351,Delaware,Dover,39.158168,-75.5243682
352,Delaware,Felton,39.0084463,-75.5779807
353,Delaware,Newark,39.6837226,-75.74965720000002
354,Delaware,Seaford,38.6412256,-75.6110381
355,Delaware,Wilmington,39.744655,-75.5483909
357,Delaware,Delaware State University,39.1861372,-75.5422735
358,Delaware,University of Delaware,39.6779504,-75.7506114
366,District of Columbia,Washington,38.9071923,-77.0368707
371,Florida,Boca Raton,26.3683064,-80.1289321
372,Florida,Cape Coral,26.5628537,-81.9495331
373,Florida,Coral Gables,25.7491968,-80.2635411
376,Florida,Fort Lauderdale,26.1224386,-80.13731740000001
377,Florida,Fort Myers,26.640628,-81.8723084
378,Florida,Gainesville,29.6516344,-82.32482619999999
380,Florida,Jacksonville,30.3321838,-81.65565099999999
381,Florida,Key West,24.5550593,-81.7799871
382,Florida,Largo,27.9094665,-82.7873244
383,Florida,Lauderdale Lakes,26.1664736,-80.2083806
384,Florida,Miami,25.7616798,-80.1917902
385,Florida,Miami Beach,25.790654,-80.1300455
386,Florida,Minneola,28.5744441,-81.7461873
387,Florida,North Miami,25.8900949,-80.1867138
388,Florida,Ocala,29.1871986,-82.14009229999999
389,Florida,Orlando,28.5383355,-81.3792365
390,Florida,Palm Bay,28.0344621,-80.5886646
391,Florida,Parkland,26.3107774,-80.25322489999999
392,Florida,Pembroke Pines,26.007765,-80.2962555
393,Florida,Pompano Beach,26.2378597,-80.1247667
394,Florida,Port St. Lucie,27.2730492,-80.3582261
395,Florida,Sebastian,27.816415,-80.4706078
396,Florida,Sunrise,26.1669711,-80.25659499999999
397,Florida,Tallahassee,30.4382559,-84.28073289999999
398,Florida,Tampa,27.950575,-82.4571776
399,Florida,Temple Terrace,28.0352964,-82.3892596
400,Florida,Weston,26.1003654,-80.3997748
401,Florida,West Palm Beach,26.7153424,-80.0533746
402,Florida,Wilton Manors,26.1603626,-80.13893399999999
404,Florida,Pensacola State College,30.4809318,-87.2013052
429,Georgia,Atlanta,33.7489954,-84.3879824
431,Georgia,Conyers,33.6676103,-84.01769039999999
432,Georgia,Woodstock,34.1014873,-84.5193754
434,Georgia,University of Georgia,33.9480053,-83.3773221
442,Hawaii,Honolulu,21.3069444,-157.8583333
445,Idaho,Boise,43.6150186,-116.2023137
446,Idaho,Chubbuck,42.9207477,-112.4660912
447,Idaho,Coeur d'Alene,47.6734632,-116.7812225
448,Idaho,Filer,42.570186,-114.6078214
449,Idaho,Idaho Falls,43.49266069999999,-112.0407584
450,Idaho,Jerome,42.7240732,-114.5186534
451,Idaho,Ketchum,43.6807402,-114.3636619
452,Idaho,Lewiston,46.4004089,-117.001189
453,Idaho,Meridian,43.6121087,-116.3915131
454,Idaho,Nampa,43.5788175,-116.55978
455,Idaho,Pocatello,42.8621042,-112.4506191
456,Idaho,Twin Falls,42.5558381,-114.4700518
461,Illinois,Addison,41.931696,-87.9889556
462,Illinois,Aurora,41.7605849,-88.32007150000001
463,Illinois,Bartlett,41.9950276,-88.1856301
464,Illinois,Calumet City,41.6155909,-87.5294871
465,Illinois,Champaign,40.1164204,-88.2433829
466,Illinois,Chicago,41.8781136,-87.6297982
467,Illinois,Crete,41.4444791,-87.6314312
468,Illinois,DeKalb,41.9294736,-88.75036469999999
469,Illinois,East Peoria,40.666149,-89.5800978
470,Illinois,Elgin,42.0354084,-88.2825668
471,Illinois,Evanston,42.0450722,-87.68769689999999
472,Illinois,Galesburg,40.94781580000001,-90.3712395
473,Illinois,Harwood Heights,41.96725319999999,-87.8075612
474,Illinois,Herscher,41.0491989,-88.0978262
475,Illinois,Joliet,41.525031,-88.0817251
476,Illinois,Marengo,42.2486332,-88.6084269
477,Illinois,Normal,40.5142026,-88.9906312
478,Illinois,Orland Park,41.6303103,-87.85394250000002
479,Illinois,Peoria,40.6936488,-89.5889864
480,Illinois,Plainfield,41.632223,-88.2120315
481,Illinois,Quincy,39.9356016,-91.4098726
482,Illinois,Rockford,42.2711311,-89.0939952
483,Illinois,Rolling Meadows,42.0841936,-88.0131275
485,Illinois,Skokie,42.0324025,-87.7416246
487,Illinois,Willow Springs,41.74086519999999,-87.86033429999999
497,Indiana,Bloomington,39.165325,-86.52638569999999
499,Indiana,Fort Wayne,41.079273,-85.1393513
500,Indiana,Greenfield,39.785043,-85.7694226
502,Indiana,Indianapolis,39.768403,-86.158068
505,Indiana,Lawrence,39.8386516,-86.0252612
507,Indiana,South Bend,41.6763545,-86.25198979999999
508,Indiana,Terre Haute,39.4667034,-87.41390919999999
526,Iowa,Des Moines,41.5868353,-93.6249593
527,Iowa,Dubuque,42.50226610000001,-90.66546749999999
528,Iowa,Grinnell,41.74340919999999,-92.7232456
531,Iowa,Pella,41.4080327,-92.91640500000001
532,Iowa,Pleasant Hill,41.5873903,-93.5196138
539,Kansas,Bel Aire,37.7708346,-97.25989129999999
540,Kansas,Burlington,38.1944667,-95.74276410000002
542,Kansas,Dodge City,37.7527982,-100.0170787
543,Kansas,Garden City,37.9716898,-100.8726618
544,Kansas,Goodland,39.350833,-101.7101722
545,Kansas,Great Bend,38.3644567,-98.7648073
546,Kansas,Hutchinson,38.0608445,-97.92977429999999
547,Kansas,Iola,37.9244799,-95.3999814
548,Kansas,Liberal,37.0430812,-100.920999
549,Kansas,Olathe,38.8813958,-94.81912849999999
550,Kansas,Ottawa,38.615768,-95.2686366
551,Kansas,Overland Park,38.9822282,-94.6707917
552,Kansas,Pittsburg,37.410884,-94.70496
553,Kansas,Salina,38.8402805,-97.61142369999999
554,Kansas,Shawnee,39.02284849999999,-94.7151865
555,Kansas,St. Marys,39.194164,-96.0711041
556,Kansas,Topeka,39.0473451,-95.67515759999999
557,Kansas,Valley Center,37.8347342,-97.3733759
558,Kansas,Wellington,37.26530040000001,-97.3717118
559,Kansas,Wichita,37.68717609999999,-97.33005299999999
560,Kansas,Winfield,37.2397486,-96.9955918
562,Kansas,Kansas State University,39.1974437,-96.5847249
563,Kansas,"University of Kansas, Main Campus",38.9543439,-95.2557961
584,Kentucky,Ashland,38.4784144,-82.63793869999999
585,Kentucky,Berea,37.568694,-84.2963223
586,Kentucky,Bowling Green,36.9685219,-86.4808043
587,Kentucky,Cadiz,36.8650496,-87.835295
588,Kentucky,Calvert City,37.0333896,-88.3500362
589,Kentucky,Campbellsville,37.3433974,-85.3419069
590,Kentucky,Columbia,37.102841,-85.3063504
591,Kentucky,Corbin,36.9486986,-84.0968761
592,Kentucky,Covington,39.0836712,-84.5085536
593,Kentucky,Cynthiana,38.3903526,-84.2941013
594,Kentucky,Danville,37.6456329,-84.77217019999999
595,Kentucky,Dawson Springs,37.1672684,-87.6925074
596,Kentucky,Elizabethtown,37.7030646,-85.8649408
597,Kentucky,Erlanger,39.0167275,-84.60077729999999
598,Kentucky,Falmouth,38.6767372,-84.3302142
599,Kentucky,Florence,38.9989499,-84.62661109999999
600,Kentucky,Fort Mitchell,39.0472046,-84.55991689999999
601,Kentucky,Fort Thomas,39.07506070000001,-84.4471633
602,Kentucky,Frankfort,38.2009055,-84.87328350000001
603,Kentucky,Fulton,36.5042277,-88.8742259
604,Kentucky,Georgetown,38.2097967,-84.55883109999999
605,Kentucky,Glasgow,36.9958839,-85.91192149999999
606,Kentucky,Henderson,37.8361538,-87.59001339999999
607,Kentucky,Highland Heights,39.0331169,-84.4518854
608,Kentucky,Hopkinsville,36.8656008,-87.4886186
609,Kentucky,Independence,38.94311829999999,-84.54410899999999
610,Kentucky,Jeffersontown,38.1942356,-85.5644033
611,Kentucky,La Grange,38.4075666,-85.37884679999999
612,Kentucky,Lancaster,37.6195246,-84.5779957
613,Kentucky,Lawrenceburg,38.0372967,-84.8966171
614,Kentucky,Lebanon,37.5697868,-85.2527381
615,Kentucky,Lexington,38.0405837,-84.5037164
616,Kentucky,London,37.1289771,-84.08326459999999
617,Kentucky,Louisville Metro,38.2537474,-85.7615936
618,Kentucky,Mount Washington,38.0500627,-85.54578769999999
619,Kentucky,Murray,36.6103334,-88.31476099999999
620,Kentucky,Newport,39.091449,-84.4957757
621,Kentucky,Nicholasville,37.8806341,-84.5729961
622,Kentucky,Oak Grove,36.6650471,-87.44278779999999
623,Kentucky,Owensboro,37.7719074,-87.1111676
624,Kentucky,Owingsville,38.1448015,-83.7640847
625,Kentucky,Paducah,37.0833893,-88.6000478
626,Kentucky,Paris,38.2097987,-84.2529869
627,Kentucky,Radcliff,37.8403456,-85.9491298
628,Kentucky,Richmond,37.7478572,-84.2946539
629,Kentucky,Russell Springs,37.0561788,-85.0885667
630,Kentucky,Russellville,36.8453199,-86.887219
631,Kentucky,Shelbyville,38.2120144,-85.2235666
632,Kentucky,St. Matthews,38.2435659,-85.63577889999999
633,Kentucky,Taylorsville,38.0317304,-85.3424533
634,Kentucky,Tompkinsville,36.7022797,-85.6916396
635,Kentucky,Uniontown,37.7753214,-87.93058270000002
636,Kentucky,Versailles,38.05257599999999,-84.7299464
637,Kentucky,Vine Grove,37.8100674,-85.98135239999999
638,Kentucky,Williamsburg,36.7434169,-84.15965609999999
639,Kentucky,Wilmore,37.8620226,-84.6616105
640,Kentucky,Winchester,37.990079,-84.17965029999999
642,Kentucky,Morehead State University,38.1886162,-83.4315122
643,Kentucky,University of Kentucky,38.0306511,-84.5039697
644,Kentucky,University of Louisville,38.2122761,-85.75850229999999
689,Louisiana,Gonzales,30.2385294,-90.9200987
690,Louisiana,Monroe,32.5267122,-92.07317909999999
691,Louisiana,New Orleans,29.95106579999999,-90.0715323
692,Louisiana,Tallulah,32.4084765,-91.1867771
695,Louisiana,"Southern University and A&M College, New Orleans",30.5265222,-91.1929407
711,Maine,Biddeford,43.4925843,-70.45338439999999
712,Maine,Eastport,44.9061906,-66.98997849999999
713,Maine,Lewiston,44.100351,-70.21477639999999
714,Maine,Portland,43.6590993,-70.2568189
715,Maine,Saco,43.5009176,-70.4428286
716,Maine,South Portland,43.6414716,-70.2408811
721,Maryland,Baltimore,39.2903848,-76.6121893
722,Maryland,Denton,38.8845582,-75.8271563
723,Maryland,Laurel,39.0992752,-76.8483061
724,Maryland,Riverdale Park,38.963444,-76.9316408
725,Maryland,Takoma Park,38.9778882,-77.0074765
726,Maryland,Taneytown,39.6578773,-77.1744279
728,Maryland,Towson University,39.3925121,-76.61263919999999
729,Maryland,"University of Maryland, Baltimore County",39.2556759,-76.7109674
730,Maryland,"University of Maryland, College Park",38.9869183,-76.9425543
748,Massachusetts,Acton,42.4850931,-71.43284
749,Massachusetts,Amherst,42.3732216,-72.5198537
750,Massachusetts,Andover,42.6583356,-71.1367953
751,Massachusetts,Arlington,42.4153925,-71.1564729
752,Massachusetts,Ashburnham,42.635545,-71.90973939999999
753,Massachusetts,Ashland,42.2612067,-71.4633956
754,Massachusetts,Ayer,42.5611947,-71.58990539999999
755,Massachusetts,Barnstable,41.7003208,-70.3002024
756,Massachusetts,Belmont,42.3956405,-71.1776114
757,Massachusetts,Boston,42.3600825,-71.0588801
758,Massachusetts,Boxford,42.6611604,-70.996726
759,Massachusetts,Braintree,42.2079017,-71.0040013
760,Massachusetts,Brockton,42.0834335,-71.0183787
761,Massachusetts,Brookline,42.33176419999999,-71.1211635
762,Massachusetts,Cambridge,42.3736158,-71.10973349999999
763,Massachusetts,Chelmsford,42.5998139,-71.3672838
764,Massachusetts,Chicopee,42.1487043,-72.6078672
765,Massachusetts,Chilmark,41.3431688,-70.74475009999999
766,Massachusetts,Cohasset,42.24176749999999,-70.8036544
767,Massachusetts,Concord,42.4603719,-71.3489484
768,Massachusetts,Danvers,42.5750009,-70.93212199999999
769,Massachusetts,Dracut,42.6703687,-71.3020052
770,Massachusetts,Easthampton,42.266757,-72.66897999999999
771,Massachusetts,Easton,42.0245442,-71.1286594
772,Massachusetts,Edgartown,41.3890052,-70.5133599
773,Massachusetts,Everett,42.40843,-71.0536625
774,Massachusetts,Falmouth,41.5532208,-70.60858859999999
775,Massachusetts,Framingham,42.279286,-71.4161565
776,Massachusetts,Great Barrington,42.1959798,-73.362008
777,Massachusetts,Groton,42.6112018,-71.5745152
778,Massachusetts,Haverhill,42.7762015,-71.0772796
779,Massachusetts,Holbrook,42.144846,-71.014118
780,Massachusetts,Lawrence,42.7070354,-71.1631137
781,Massachusetts,Lynn,42.46676300000001,-70.9494938
782,Massachusetts,Malden,42.4250964,-71.066163
783,Massachusetts,Medford,42.4184296,-71.1061639
784,Massachusetts,Melrose,42.4584292,-71.0661633
785,Massachusetts,Milford,42.1398577,-71.5163049
786,Massachusetts,Millbury,42.19207189999999,-71.761522
787,Massachusetts,Monson,42.1042451,-72.3189519
788,Massachusetts,Nantucket,41.2834704,-70.099451
789,Massachusetts,Natick,42.2775281,-71.3468091
790,Massachusetts,Newton,42.3370413,-71.20922139999999
791,Massachusetts,Northampton,42.3250896,-72.64120129999999
792,Massachusetts,North Andover,42.69870239999999,-71.1350575
793,Massachusetts,Oak Bluffs,41.4542793,-70.5619724
794,Massachusetts,Palmer,42.1584103,-72.3286869
795,Massachusetts,Pittsfield,42.4500845,-73.2453824
796,Massachusetts,Provincetown,42.0584412,-70.1786425
797,Massachusetts,Quincy,42.2528772,-71.0022705
798,Massachusetts,Revere,42.4084302,-71.0119948
799,Massachusetts,Salem,42.51954,-70.8967155
800,Massachusetts,Somerville,42.3875968,-71.0994968
801,Massachusetts,South Hadley,42.2591729,-72.57479339999999
802,Massachusetts,Spencer,42.2439682,-71.9922867
803,Massachusetts,Springfield,42.1014831,-72.589811
804,Massachusetts,Sturbridge,42.1084122,-72.0787059
805,Massachusetts,Swampscott,42.47094370000001,-70.91755619999999
806,Massachusetts,Tisbury,41.4558899,-70.6141097
807,Massachusetts,Wales,42.0695393,-72.22230069999999
808,Massachusetts,Waltham,42.3764852,-71.2356113
809,Massachusetts,Watertown,42.3709299,-71.1828321
810,Massachusetts,Westfield,42.1250929,-72.749538
811,Massachusetts,West Tisbury,41.38122449999999,-70.6744723
812,Massachusetts,Winchester,42.452303,-71.1369959
813,Massachusetts,Winthrop,42.374776,-70.9862693
814,Massachusetts,Worcester,42.2625932,-71.8022934
816,Massachusetts,Assumption College,42.2942965,-71.8292542
817,Massachusetts,Boston University,42.3144915,-71.0373279
818,Massachusetts,College of the Holy Cross,42.2392391,-71.8079608
819,Massachusetts,Dean College,42.084906,-71.3979611
820,Massachusetts,Massasoit Community College,42.0758677,-70.99002089999999
821,Massachusetts,Northeastern University,42.3398067,-71.0891717
822,Massachusetts,Springfield Technical Community College,42.1088022,-72.578502
823,Massachusetts,"University of Massachusetts, Amherst",42.3867598,-72.5300515
824,Massachusetts,Westfield State University,42.1318254,-72.7941529
831,Michigan,Allen Park,42.2575385,-83.2110375
832,Michigan,Ann Arbor,42.2808256,-83.7430378
833,Michigan,Auburn Hills,42.6875323,-83.2341028
834,Michigan,Bad Axe,43.8019592,-83.00077739999999
835,Michigan,Battle Creek,42.3211522,-85.17971419999999
836,Michigan,Bay City,43.5944677,-83.8888647
837,Michigan,Belding,43.0978094,-85.228906
838,Michigan,Benton Township,42.1097328,-86.4173234
839,Michigan,Bloomfield Township,42.5793103,-83.2827093
840,Michigan,Bridgeport Township,43.3609299,-83.8851117
841,Michigan,Brighton,42.5294773,-83.7802214
842,Michigan,Bronson,41.8722716,-85.19469629999999
843,Michigan,Burton,42.99947179999999,-83.6163423
844,Michigan,Cadillac,44.2519526,-85.40116189999999
845,Michigan,Canton Township,42.3086444,-83.48211599999999
846,Michigan,Chelsea,42.3180919,-84.0205029
847,Michigan,Chocolay Township,46.4643237,-87.2616305
848,Michigan,Clare,43.8194703,-84.7686281
849,Michigan,Clinton Township,42.5868882,-82.9195514
850,Michigan,Coloma Township,42.20721349999999,-86.32753509999999
851,Michigan,Dearborn,42.3222599,-83.17631449999999
852,Michigan,Dearborn Heights,42.3369816,-83.27326269999999
853,Michigan,Detroit,42.331427,-83.0457538
854,Michigan,DeWitt Township,42.7924727,-84.54318669999999
855,Michigan,Dowagiac,41.9842123,-86.10862279999999
856,Michigan,East Lansing,42.7369792,-84.48386540000001
857,Michigan,Elkton,43.8194594,-83.1807847
858,Michigan,Escanaba,45.74524659999999,-87.06458010000001
859,Michigan,Farmington Hills,42.4989936,-83.3677168
860,Michigan,Ferndale,42.4605917,-83.1346478
861,Michigan,Flat Rock,42.0964314,-83.2918744
862,Michigan,Flint,43.0125274,-83.6874562
863,Michigan,Flint Township,42.9958862,-83.7730237
864,Michigan,Fowlerville,42.6605894,-84.0730142
865,Michigan,Frankenmuth,43.331691,-83.7380194
866,Michigan,Fruitport Township,43.1583519,-86.1446493
867,Michigan,Garden City,42.3255928,-83.3310422
868,Michigan,Gladstone,45.8527435,-87.02180489999999
869,Michigan,Gladwin,43.9808549,-84.48640069999999
870,Michigan,Grand Blanc Township,42.9125171,-83.666758
871,Michigan,Grand Rapids,42.9633599,-85.6680863
872,Michigan,Grandville,42.9097484,-85.7630885
873,Michigan,Grant,42.2792155,-83.7423067
874,Michigan,Grosse Ile Township,42.1290753,-83.1445904
875,Michigan,Hamburg Township,42.4641977,-83.8510786
876,Michigan,Hampton Township,43.6411989,-83.7836403
877,Michigan,Hamtramck,42.3928151,-83.0496438
878,Michigan,Harbor Beach,43.8447369,-82.6513186
879,Michigan,Harper Woods,42.4330924,-82.92408329999999
880,Michigan,Highland Park,42.4055925,-83.096868
881,Michigan,Holland,42.7875235,-86.1089301
882,Michigan,Huntington Woods,42.4805913,-83.1668713
883,Michigan,Inkster,42.2942045,-83.30993029999999
884,Michigan,Kalamazoo,42.2917069,-85.5872286
885,Michigan,Kentwood,42.8694731,-85.64474919999999
886,Michigan,Kingsford,45.7949561,-88.0720706
887,Michigan,Lansing,42.732535,-84.5555347
888,Michigan,Lansing Township,42.7563594,-84.5283267
889,Michigan,Litchfield,42.0439345,-84.7574647
890,Michigan,Livonia,42.36837,-83.35270969999999
891,Michigan,Lowell,42.9336426,-85.34196089999999
892,Michigan,Ludington,43.9552825,-86.4525831
893,Michigan,Mackinac Island,45.8683129,-84.6275658
894,Michigan,Madison Heights,42.4858692,-83.1052028
895,Michigan,Marquette,46.5436199,-87.3953713
896,Michigan,Marshall,42.2722641,-84.96331479999999
897,Michigan,Melvindale,42.2825383,-83.175203
898,Michigan,Menominee,45.10776269999999,-87.6142737
899,Michigan,Meridian Township,42.7265389,-84.41506439999999
900,Michigan,Metro Police Authority of Genesee County,42.9465851,-83.7263069
901,Michigan,Midland,43.6155825,-84.2472116
902,Michigan,Milan,42.0853204,-83.6824384
903,Michigan,Monroe,41.9164343,-83.3977101
904,Michigan,Muskegon Township,43.2756927,-86.1853474
905,Michigan,Northfield Township,42.4003857,-83.7433813
906,Michigan,Northville Township,42.4138139,-83.46902469999999
907,Michigan,Norton Shores,43.1689044,-86.26394610000001
908,Michigan,Oak Park,42.4594803,-83.18270509999999
909,Michigan,Ontwa Township-Edwardsburg,41.79560379999999,-86.08083839999999
910,Michigan,Orchard Lake,42.5894857,-83.3735966
911,Michigan,Orion Township,42.7637431,-83.2720082
912,Michigan,Owosso,42.9978049,-84.1766358
913,Michigan,Pinckney,42.4567013,-83.9463358
914,Michigan,Pontiac,42.6389216,-83.29104679999999
915,Michigan,Port Huron,42.9708634,-82.42491419999999
916,Michigan,Redford Township,42.3944486,-83.2973732
917,Michigan,Richmond,42.8091969,-82.7557554
918,Michigan,Romulus,42.2222614,-83.39659940000001
919,Michigan,Roseville,42.4972583,-82.9371409
920,Michigan,Royal Oak,42.4894801,-83.1446485
921,Michigan,Saginaw,43.4194699,-83.9508068
922,Michigan,Saginaw Township,43.4530016,-84.0273168
923,Michigan,Sault Ste. Marie,46.49771150000001,-84.3475876
924,Michigan,Shelby,43.6086194,-86.3639633
925,Michigan,Shelby Township,42.670782,-83.0329934
926,Michigan,Southfield,42.4733688,-83.2218731
927,Michigan,Southgate,42.2139284,-83.19381469999999
928,Michigan,South Haven,42.4030865,-86.2736407
929,Michigan,St. Clair Shores,42.4974085,-82.89636039999999
930,Michigan,St. Joseph,42.0938577,-86.4895463
931,Michigan,Sturgis,41.799217,-85.41914820000001
932,Michigan,Tawas,44.26946119999999,-83.5146973
933,Michigan,Tecumseh,42.0039331,-83.9449417
934,Michigan,Thomas Township,43.4291198,-84.1224036
935,Michigan,Traverse City,44.7630567,-85.62063169999999
936,Michigan,Trenton,42.1394858,-83.1782587
937,Michigan,Troy,42.6064095,-83.1497751
938,Michigan,Unadilla Township,42.4571439,-84.0801613
939,Michigan,Walker,43.0014133,-85.7680915
940,Michigan,Warren,42.5144566,-83.01465259999999
941,Michigan,Waterford Township,42.6907443,-83.4066132
942,Michigan,Wayland,42.6739208,-85.6447438
943,Michigan,Wayne,42.2814269,-83.3863214
944,Michigan,West Bloomfield Township,42.5678534,-83.373339
945,Michigan,Williamston,42.6889235,-84.2830245
946,Michigan,Wyandotte,42.21420639999999,-83.14992389999999
947,Michigan,Wyoming,42.9133602,-85.7053085
948,Michigan,Ypsilanti,42.2411499,-83.61299389999999
950,Michigan,Eastern Michigan University,42.2506803,-83.624089
951,Michigan,Ferris State University,43.685193,-85.482693
952,Michigan,Michigan State University,42.701848,-84.4821719
953,Michigan,Mott Community College,43.0199367,-83.672495
954,Michigan,Oakland Community College,42.595449,-83.24483
955,Michigan,Saginaw Valley State University,43.5142733,-83.9623559
956,Michigan,"University of Michigan, Ann Arbor ",42.2780436,-83.7382241
957,Michigan,"University of Michigan, Dearborn",42.31763429999999,-83.2320299
958,Michigan,"University of Michigan, Flint",43.0199325,-83.6881932
1029,Minnesota,Blaine,45.1607987,-93.23494889999999
1030,Minnesota,Brooklyn Park,45.0941315,-93.3563405
1031,Minnesota,Columbia Heights,45.0481968,-93.2474098
1032,Minnesota,Coon Rapids,45.1732394,-93.30300629999999
1033,Minnesota,Detroit Lakes,46.8171808,-95.8453253
1034,Minnesota,Eden Prairie,44.8546856,-93.47078599999999
1035,Minnesota,Fairmont,43.65217750000001,-94.46108319999999
1036,Minnesota,Fergus Falls,46.2835212,-96.0777887
1037,Minnesota,Inver Grove Heights,44.8480218,-93.04271530000001
1038,Minnesota,Janesville,44.1161857,-93.70773969999999
1039,Minnesota,Lakeville,44.6496868,-93.24271999999999
1040,Minnesota,Mankato,44.1635775,-93.99939959999999
1041,Minnesota,Maple Grove,45.0724642,-93.4557877
1042,Minnesota,Maplewood,44.9530215,-92.9952153
1043,Minnesota,Mendota Heights,44.8835768,-93.1382749
1044,Minnesota,Minneapolis,44.977753,-93.2650108
1045,Minnesota,Minnetonka,44.9211836,-93.4687489
1046,Minnesota,Moorhead,46.8737648,-96.76780389999999
1047,Minnesota,Mounds View,45.1049656,-93.2085582
1048,Minnesota,New Brighton,45.0655212,-93.2018908
1049,Minnesota,North Branch,45.5102135,-92.99310539999999
1050,Minnesota,Northfield,44.4582983,-93.161604
1051,Minnesota,Prior Lake,44.7132969,-93.4227274
1052,Minnesota,Red Wing,44.5660691,-92.5369563
1053,Minnesota,Rochester,44.022371,-92.463251
1054,Minnesota,St. Cloud,45.5579451,-94.16324039999999
1055,Minnesota,St. Louis Park,44.9597376,-93.3702186
1056,Minnesota,St. Paul,44.9537029,-93.0899578
1057,Minnesota,St. Peter,44.3258932,-93.955691
1058,Minnesota,West St. Paul,44.9160768,-93.10160739999999
1059,Minnesota,Winnebago,43.767733,-94.1657949
1060,Minnesota,Woodbury,44.9238552,-92.9593797
1062,Minnesota,"University of Minnesota, Twin Cities",44.97399,-93.2277285
1073,Mississippi,Brandon,32.2788733,-90.001384
1074,Mississippi,Clinton,32.3415342,-90.3217585
1080,Missouri,Belton,38.8119527,-94.5318982
1081,Missouri,Blue Springs,39.0169509,-94.2816148
1082,Missouri,Duquesne,37.0767273,-94.4593908
1083,Missouri,Fulton,38.84670819999999,-91.94795859999999
1084,Missouri,Gladstone,39.2038918,-94.554677
1085,Missouri,Grain Valley,39.0150069,-94.19855799999999
1086,Missouri,Independence,39.0911161,-94.41550679999999
1087,Missouri,Jefferson City,38.57670170000001,-92.1735164
1088,Missouri,Kansas City,39.0997265,-94.5785667
1089,Missouri,Lexington,39.1847339,-93.87994259999999
1090,Missouri,Lilbourn,36.5922816,-89.6153571
1091,Missouri,Macon,39.74225610000001,-92.4726859
1092,Missouri,Smithville,39.38694419999999,-94.5810659
1093,Missouri,St. Louis,38.6270025,-90.19940419999999
1094,Missouri,Wentzville,38.81144,-90.8529107
1095,Missouri,West Plains,36.7281154,-91.8523711
1106,Montana,Billings,45.7832856,-108.5006904
1107,Montana,Bozeman,45.6769979,-111.0429339
1108,Montana,Missoula,46.8721284,-113.9940314
1110,Montana,University of Montana,46.8600672,-113.9852081
1115,Nebraska,Bellevue,41.1543623,-95.9145568
1116,Nebraska,Grand Island,40.9263957,-98.3420118
1117,Nebraska,La Vista,41.18388780000001,-96.031127
1118,Nebraska,Lincoln,40.8201966,-96.70047629999999
1119,Nebraska,North Platte,41.1402759,-100.7601454
1120,Nebraska,Ogallala,41.12821780000001,-101.7203993
1121,Nebraska,Omaha,41.2565369,-95.9345034
1133,Nevada,Boulder City,35.9782216,-114.8345117
1134,Nevada,Henderson,36.0395247,-114.9817213
1135,Nevada,Las Vegas Metropolitan Police Department,36.1273364,-115.1467141
1136,Nevada,North Las Vegas,36.1988592,-115.1175013
1137,Nevada,Reno,39.5441917,-119.816397
1139,Nevada,"University of Nevada, Las Vegas",36.1085197,-115.1431709
1144,New Hampshire,Bedford,42.9463291,-71.51320079999999
1145,New Hampshire,Carroll,44.297676,-71.5427968
1146,New Hampshire,Goffstown,43.0204052,-71.6002223
1147,New Hampshire,Hinsdale,42.7862065,-72.4865089
1148,New Hampshire,Lincoln,44.0380087,-71.67250659999999
1149,New Hampshire,Manchester,42.9956397,-71.4547891
1150,New Hampshire,Northumberland,44.597506,-71.5121234
1151,New Hampshire,Pelham,42.7345339,-71.3245067
1152,New Hampshire,Seabrook,42.8909615,-70.8655074
1154,New Hampshire,University of New Hampshire,43.138948,-70.9370252
1159,New Jersey,Aberdeen Township,40.4170948,-74.2221155
1160,New Jersey,Barnegat Township,39.76492229999999,-74.2693297
1161,New Jersey,Berkeley Heights Township,40.6808726,-74.4310524
1162,New Jersey,Berlin,39.7912261,-74.9290536
1163,New Jersey,Beverly,40.06538889999999,-74.9190558
1164,New Jersey,Bloomingdale,41.002042,-74.3265388
1165,New Jersey,Boonton,40.904019,-74.4087405
1166,New Jersey,Bordentown Township,40.1480827,-74.69457369999999
1167,New Jersey,Brick Township,40.0578384,-74.1371832
1168,New Jersey,Bridgeton,39.427337,-75.2340768
1169,New Jersey,Bridgewater Township,40.5939636,-74.6049061
1170,New Jersey,Brooklawn,39.8795177,-75.12097039999999
1171,New Jersey,Burlington City,40.071222,-74.86488729999999
1172,New Jersey,Camden County Police Department,39.9437022,-75.11622229999999
1173,New Jersey,Carteret,40.5773266,-74.2282005
1174,New Jersey,Cedar Grove Township,40.8517876,-74.2290319
1175,New Jersey,Chatham,40.740934,-74.3837624
1176,New Jersey,Cherry Hill Township,39.926813,-75.0246312
1177,New Jersey,Cinnaminson Township,39.9969646,-74.99276929999999
1178,New Jersey,Clifton,40.8584328,-74.16375529999999
1179,New Jersey,Closter,40.9731536,-73.9615262
1180,New Jersey,Colts Neck Township,40.2876108,-74.1723652
1181,New Jersey,Cranbury Township,40.3025907,-74.511172
1182,New Jersey,Deal,40.243168,-74.0006927
1183,New Jersey,Delanco Township,40.0506669,-74.9535016
1184,New Jersey,Denville Township,40.8923212,-74.47737750000002
1185,New Jersey,Dover,40.883988,-74.5621025
1186,New Jersey,Dumont,40.9406541,-73.9968051
1187,New Jersey,East Brunswick Township,40.4316955,-74.4049778
1188,New Jersey,East Hanover Township,40.8200623,-74.3647247
1189,New Jersey,East Orange,40.767323,-74.2048677
1190,New Jersey,East Rutherford,40.833989,-74.0970865
1191,New Jersey,Edison Township,40.5187154,-74.4120953
1192,New Jersey,Egg Harbor Township,39.3822537,-74.6166192
1193,New Jersey,Elizabeth,40.6639916,-74.2107006
1194,New Jersey,Emerson,40.976209,-74.0262505
1195,New Jersey,Englewood,40.8928771,-73.9726381
1196,New Jersey,Evesham Township,39.8522951,-74.88579890000001
1197,New Jersey,Fair Lawn,40.9403762,-74.1318096
1198,New Jersey,Fort Lee,40.8509333,-73.9701381
1199,New Jersey,Franklin Lakes,41.0167639,-74.2057011
1200,New Jersey,"Franklin Township, Somerset County",40.4933734,-74.5228916
1201,New Jersey,Freehold Borough,40.26011099999999,-74.2737573
1202,New Jersey,Freehold Township,40.2136754,-74.3000878
1203,New Jersey,Galloway Township,39.4928235,-74.5596879
1204,New Jersey,Glen Ridge,40.805378,-74.20375659999999
1205,New Jersey,Gloucester City,39.8917799,-75.1162863
1206,New Jersey,Hackensack,40.8859325,-74.0434736
1207,New Jersey,Haddonfield,39.8915022,-75.03767069999999
1208,New Jersey,"Hamilton Township, Atlantic County",39.4941863,-74.7347674
1209,New Jersey,"Hamilton Township, Mercer County",40.2115109,-74.6796651
1210,New Jersey,Hanover Township,40.8257746,-74.41738769999999
1211,New Jersey,Hardyston Township,41.11370369999999,-74.5540506
1212,New Jersey,Harrison Township,39.72964930000001,-75.207737
1213,New Jersey,Haworth,40.9609315,-73.9901383
1214,New Jersey,Highland Park,40.4959379,-74.4243178
1215,New Jersey,Highlands,40.40372,-73.991527
1216,New Jersey,Hightstown,40.2695538,-74.5232089
1217,New Jersey,Hillsborough Township,40.5106322,-74.6472522
1218,New Jersey,Hillsdale,41.0025975,-74.0404175
1219,New Jersey,Hoboken,40.7439905,-74.0323626
1220,New Jersey,Holmdel Township,40.3451095,-74.18403219999999
1221,New Jersey,Hopewell Township,40.343784,-74.8156199
1222,New Jersey,Howell Township,40.1645785,-74.2082671
1223,New Jersey,Jackson Township,40.0918895,-74.35874729999999
1224,New Jersey,Jefferson Township,41.0029893,-74.5580454
1225,New Jersey,Jersey City,40.7177545,-74.0431435
1226,New Jersey,Keansburg,40.4417743,-74.1298643
1227,New Jersey,Lakewood Township,40.08212899999999,-74.2097014
1228,New Jersey,Lambertville,40.36593939999999,-74.94294479999999
1229,New Jersey,Leonia,40.8614887,-73.9881942
1230,New Jersey,Lincoln Park,40.9242652,-74.3020933
1231,New Jersey,Linden,40.6220478,-74.24459019999999
1232,New Jersey,Little Egg Harbor Township,39.6108492,-74.35726460000001
1233,New Jersey,Little Falls Township,40.8690101,-74.20822860000001
1234,New Jersey,Livingston Township,40.7862871,-74.3300842
1235,New Jersey,Lodi,40.8823215,-74.08319709999999
1236,New Jersey,Long Branch,40.30427780000001,-73.9923596
1237,New Jersey,Lower Township,38.9745287,-74.9003335
1238,New Jersey,Madison,40.7598227,-74.417097
1239,New Jersey,Mahwah Township,41.0886216,-74.1435843
1240,New Jersey,Manalapan Township,40.2859203,-74.348582
1241,New Jersey,"Mansfield Township, Burlington County",40.0799767,-74.7183641
1242,New Jersey,Maple Shade Township,39.9526127,-74.9923915
1243,New Jersey,Maplewood Township,40.7299793,-74.271992
1244,New Jersey,Marlboro Township,40.3380949,-74.26872910000002
1245,New Jersey,Medford Township,39.86618259999999,-74.8390162
1246,New Jersey,Mendham,40.7759334,-74.6007142
1247,New Jersey,Merchantville,39.9503838,-75.0479726
1248,New Jersey,Metuchen,40.5431598,-74.3632049
1249,New Jersey,Middle Township,39.1201616,-74.8451915
1250,New Jersey,Middletown Township,40.3968012,-74.09159819999999
1251,New Jersey,Millburn Township,40.7340454,-74.3206696
1252,New Jersey,Millville,39.4020596,-75.0393438
1253,New Jersey,Monmouth Beach,40.3303883,-73.98152619999999
1254,New Jersey,"Monroe Township, Gloucester County",39.6747922,-74.9910112
1255,New Jersey,"Monroe Township, Middlesex County",40.336419,-74.43304739999999
1256,New Jersey,Montclair,40.8259007,-74.2090053
1257,New Jersey,Montgomery Township,40.4329141,-74.66346399999999
1258,New Jersey,Montville Township,40.9148209,-74.383763
1259,New Jersey,Moorestown Township,39.9688817,-74.948886
1260,New Jersey,Morris Township,40.7933833,-74.505312
1261,New Jersey,Mountainside,40.6723242,-74.3573722
1262,New Jersey,Mount Holly Township,39.9931438,-74.78793929999999
1263,New Jersey,Mount Laurel Township,39.934002,-74.89099879999999
1264,New Jersey,Neptune Township,40.2091219,-74.0386271
1265,New Jersey,New Brunswick,40.4862157,-74.4518188
1266,New Jersey,New Milford,40.9350986,-74.0190281
1267,New Jersey,New Providence,40.6984348,-74.4015405
1268,New Jersey,Newton,41.0581527,-74.7526651
1269,New Jersey,North Arlington,40.788434,-74.1331988
1270,New Jersey,North Bergen Township,40.8042674,-74.012084
1271,New Jersey,Northfield,39.3703942,-74.5501546
1272,New Jersey,North Haledon,40.9550981,-74.1859781
1273,New Jersey,"Ocean Township, Monmouth County",40.2479729,-74.029843
1274,New Jersey,Old Bridge Township,40.4128551,-74.307282
1275,New Jersey,Oradell,40.9587093,-74.0368064
1276,New Jersey,Paramus,40.9445428,-74.0754189
1277,New Jersey,Parsippany-Troy Hills Township,40.8652865,-74.41738769999999
1278,New Jersey,Paulsboro,39.830391,-75.2404607
1279,New Jersey,Pemberton Township,39.9600831,-74.58410889999999
1280,New Jersey,Pennsauken Township,39.9562052,-75.058009
1281,New Jersey,Piscataway Township,40.554887,-74.4642861
1282,New Jersey,Pitman,39.732892,-75.1315651
1283,New Jersey,Pleasantville,39.3898388,-74.5240422
1284,New Jersey,Point Pleasant Beach,40.0912268,-74.0479146
1285,New Jersey,Pompton Lakes,41.0053753,-74.2907041
1286,New Jersey,Princeton,40.3572976,-74.6672226
1287,New Jersey,Rahway,40.60815909999999,-74.2776468
1288,New Jersey,Randolph Township,40.8478065,-74.5747248
1289,New Jersey,Raritan Township,40.5041636,-74.89749250000001
1290,New Jersey,Ridgefield Park,40.8570442,-74.0215285
1291,New Jersey,Ridgewood,40.9792645,-74.11653129999999
1292,New Jersey,Riverside Township,40.0323338,-74.9573908
1293,New Jersey,River Vale Township,41.0147679,-74.01197359999999
1294,New Jersey,Rockaway Township,40.9300943,-74.4872422
1295,New Jersey,Roselle,40.6527292,-74.2592769
1296,New Jersey,Scotch Plains Township,40.6400404,-74.369018
1297,New Jersey,Sea Girt,40.1320592,-74.0345813
1298,New Jersey,Secaucus,40.7895453,-74.05652979999999
1299,New Jersey,Shrewsbury,40.3295547,-74.0615285
1300,New Jersey,South Brunswick Township,40.3806901,-74.5316938
1301,New Jersey,South Orange Village,40.7489277,-74.2609903
1302,New Jersey,South Plainfield,40.5792701,-74.4115401
1303,New Jersey,Sparta Township,41.0360977,-74.6367057
1304,New Jersey,Spotswood,40.391774,-74.3984834
1305,New Jersey,Stanhope,40.9028765,-74.7090517
1306,New Jersey,Summit,40.7146376,-74.3646122
1307,New Jersey,Teaneck Township,40.8932469,-74.0116536
1308,New Jersey,Tenafly,40.9253766,-73.9629154
1309,New Jersey,Tinton Falls,40.3042773,-74.1004185
1310,New Jersey,Toms River Township,39.9537358,-74.1979458
1311,New Jersey,Totowa,40.9050988,-74.20986789999999
1312,New Jersey,Tuckerton,39.603174,-74.34014499999999
1313,New Jersey,Union City,40.7795455,-74.02375119999999
1314,New Jersey,Verona,40.82980060000001,-74.24016089999999
1315,New Jersey,Vineland,39.4863773,-75.02596369999999
1316,New Jersey,Voorhees Township,39.8519447,-74.961517
1317,New Jersey,"Washington Township, Gloucester County",39.7561387,-75.07279559999999
1318,New Jersey,"Washington Township, Morris County",40.7695876,-74.8039205
1319,New Jersey,"Washington Township, Warren County",40.7699173,-74.988468
1320,New Jersey,Wayne Township,40.92537249999999,-74.2765441
1321,New Jersey,Weehawken Township,40.7663711,-74.02537149999999
1322,New Jersey,Westampton Township,40.0205975,-74.7922202
1323,New Jersey,Westfield,40.6589912,-74.3473717
1324,New Jersey,West New York,40.7878788,-74.0143064
1325,New Jersey,West Orange,40.7985699,-74.23908279999999
1326,New Jersey,West Windsor Township,40.2983262,-74.618634
1327,New Jersey,Willingboro Township,40.028848,-74.89164579999999
1328,New Jersey,Winslow Township,39.6573556,-74.8623203
1329,New Jersey,Woodbridge Township,40.5575986,-74.2846022
1330,New Jersey,Woodbury,39.83816909999999,-75.1526774
1332,New Jersey,Monmouth University,40.2802758,-74.0054114
1333,New Jersey,Montclair State University,40.8625464,-74.1976522
1334,New Jersey,Princeton University,40.3430942,-74.65507389999999
1335,New Jersey,"Rutgers University, Newark",40.741078,-74.1732736
1336,New Jersey,"Rutgers University, New Brunswick",40.5008186,-74.44739910000001
1337,New Jersey,The College of New Jersey,40.268439,-74.77769599999999
1344,New Mexico,Albuquerque,35.0843859,-106.650422
1345,New Mexico,Belen,34.6627652,-106.7761546
1350,New York,Albany,42.6525793,-73.7562317
1351,New York,Amherst Town,42.97900670000001,-78.792272
1352,New York,Binghamton,42.09868669999999,-75.91797380000001
1353,New York,Buffalo,42.88644679999999,-78.8783689
1354,New York,Colonie Town,42.7213422,-73.8319824
1355,New York,DeWitt Town,43.0426633,-76.067849
1356,New York,Endicott Village,42.098408,-76.04936839999999
1357,New York,Hamburg Town,42.7158927,-78.8294768
1358,New York,Hastings-on-Hudson Village,40.994542,-73.8787461
1359,New York,Hempstead Village,40.7062128,-73.6187397
1360,New York,Hoosick Falls Village,42.9011892,-73.3515001
1361,New York,Kingston,41.9270367,-73.9973608
1362,New York,Larchmont Village,40.9278769,-73.75179829999999
1363,New York,Monroe Village,41.3306493,-74.1868135
1364,New York,Mount Vernon,40.9125992,-73.8370786
1365,New York,Newburgh,41.5034271,-74.0104178
1366,New York,New York,40.7127753,-74.0059728
1367,New York,Niagara Falls,43.0962143,-79.0377388
1368,New York,Pelham Village,40.9098215,-73.8079111
1369,New York,Ramapo Town,41.1412064,-74.16847870000001
1370,New York,Rochester,43.15657789999999,-77.6088465
1371,New York,Rosendale Town,41.8443125,-74.0810669
1372,New York,Saugerties Town,42.0775906,-73.95291259999999
1373,New York,Southampton Town,40.8598637,-72.56780119999999
1374,New York,Spring Valley Village,41.1131514,-74.0437521
1375,New York,Tarrytown Village,41.0762077,-73.85874609999999
1376,New York,Watervliet,42.7300783,-73.7012299
1377,New York,Westhampton Beach Village,40.8093799,-72.6458277
1378,New York,Yonkers,40.9312099,-73.89874689999999
1380,New York,"State University of New York Police, Alfred",42.2552377,-77.7946533
1381,New York,"State University of New York Police, Canton",44.602382,-75.183458
1382,New York,"State University of New York Police, Geneseo",42.79600689999999,-77.82386269999999
1383,New York,"State University of New York Police, Maritime",40.8091766,-73.8011369
1384,New York,"State University of New York Police, Purchase",41.0387721,-73.69516399999999
1385,New York,"State University of New York Police, Stony Brook",40.9123761,-73.1233889
1415,North Carolina,Apex,35.732652,-78.85028559999999
1416,North Carolina,Asheville,35.5950581,-82.5514869
1417,North Carolina,Boone,36.216795,-81.6745517
1418,North Carolina,Carolina Beach,34.0351726,-77.8935966
1419,North Carolina,Cary,35.79154,-78.7811169
1420,North Carolina,Charlotte-Mecklenburg,35.2270869,-80.8431267
1421,North Carolina,Dunn,35.3062743,-78.6089028
1422,North Carolina,Durham,35.9940329,-78.898619
1423,North Carolina,Fayetteville,35.0526641,-78.87835849999999
1424,North Carolina,Greensboro,36.0726354,-79.7919754
1425,North Carolina,Hendersonville,35.3187279,-82.4609528
1426,North Carolina,Hickory,35.7344538,-81.3444573
1427,North Carolina,Hope Mills,34.9704419,-78.9453056
1428,North Carolina,Huntersville,35.410694,-80.84285040000002
1429,North Carolina,Jacksonville,34.7540524,-77.4302414
1430,North Carolina,Lexington,35.8240265,-80.2533838
1431,North Carolina,Mocksville,35.8940263,-80.5614494
1432,North Carolina,Mooresville,35.5859146,-80.8081413
1433,North Carolina,Morganton,35.7454071,-81.6848188
1434,North Carolina,New Bern,35.108493,-77.04411429999999
1435,North Carolina,Newton,35.6698552,-81.22147079999999
1436,North Carolina,Pittsboro,35.7201463,-79.1772371
1437,North Carolina,Raleigh,35.7795897,-78.6381787
1438,North Carolina,Roanoke Rapids,36.4615395,-77.6541464
1439,North Carolina,Salisbury,35.6709727,-80.4742261
1440,North Carolina,Southern Shores,36.1390533,-75.73157189999999
1441,North Carolina,Statesville,35.7826363,-80.8872959
1442,North Carolina,Wilmington,34.2103894,-77.8868117
1444,North Carolina,Duke University,36.0014258,-78.9382286
1445,North Carolina,East Carolina University,35.6055108,-77.3645653
1446,North Carolina,"University of North Carolina, Wilmington",34.223874,-77.8696036
1462,North Dakota,Bismarck,46.8083268,-100.7837392
1463,North Dakota,Devils Lake,48.112779,-98.86512019999999
1464,North Dakota,Dickinson,46.8791756,-102.7896242
1465,North Dakota,Fargo,46.8771863,-96.7898034
1466,North Dakota,Grand Forks,47.9252568,-97.0328547
1467,North Dakota,Williston,48.1469683,-103.6179745
1469,North Dakota,University of North Dakota,47.922891,-97.0768014
1474,Ohio,Akron,41.0814447,-81.51900529999999
1475,Ohio,Ashland,40.8686675,-82.3182178
1476,Ohio,Austintown,41.1017247,-80.7645239
1477,Ohio,Barberton,41.012833,-81.6051221
1478,Ohio,Bellefontaine,40.3611643,-83.7596557
1479,Ohio,Boardman,41.0242256,-80.6628528
1480,Ohio,Brunswick,41.2381096,-81.8418006
1481,Ohio,Canton,40.79894729999999,-81.378447
1482,Ohio,Cincinnati,39.1031182,-84.5120196
1483,Ohio,Circleville,39.600618,-82.9460133
1484,Ohio,Cleveland,41.49932,-81.6943605
1485,Ohio,Colerain Township,39.2591765,-84.6269824
1486,Ohio,Columbus,39.9611755,-82.99879419999999
1488,Ohio,Dayton,39.7589478,-84.1916069
1489,Ohio,Defiance,41.2844933,-84.3557802
1490,Ohio,Delaware,40.2986724,-83.067965
1491,Ohio,Delhi Township,39.0950595,-84.6052225
1493,Ohio,Englewood,39.8775553,-84.3021672
1494,Ohio,Fairborn,39.8208925,-84.01937889999999
1495,Ohio,Findlay,41.04422,-83.6499321
1496,Ohio,Girard,41.1539465,-80.7014662
1497,Ohio,Green Township,39.16636700000001,-84.63744840000001
1498,Ohio,Grove City,39.88145189999999,-83.0929644
1499,Ohio,Hamilton,39.3995008,-84.5613355
1500,Ohio,Huber Heights,39.843947,-84.12466080000002
1501,Ohio,"Jackson Township, Stark County",40.86655,-81.49379929999999
1502,Ohio,Johnstown,40.1536742,-82.68516989999999
1503,Ohio,Lancaster,39.7136754,-82.5993294
1504,Ohio,Lebanon,39.4353373,-84.2029922
1505,Ohio,Liberty Township,39.401514,-84.40943589999999
1506,Ohio,Lockland,39.2272314,-84.4562445
1507,Ohio,"Madison Township, Franklin County",39.8248372,-82.8855961
1508,Ohio,"Madison Township, Lake County",41.9858412,-81.0533854
1509,Ohio,Mansfield,40.75839,-82.5154471
1510,Ohio,Marietta,39.41535200000001,-81.45484359999999
1511,Ohio,Massillon,40.7967244,-81.52150929999999
1512,Ohio,Maumee,41.5628294,-83.65382439999999
1513,Ohio,Mayfield Heights,41.5192189,-81.45789599999999
1514,Ohio,Medina,41.143245,-81.8552196
1515,Ohio,Mentor-on-the-Lake,41.7128807,-81.3612097
1516,Ohio,"Miami Township, Clermont County",39.2095414,-84.238417
1517,Ohio,"Miami Township, Montgomery County",39.6128751,-84.2489525
1519,Ohio,Monroe,39.44033599999999,-84.3621634
1520,Ohio,Montgomery,39.7620028,-84.3542049
1521,Ohio,Montville Township,41.0924536,-81.84429340000001
1522,Ohio,Mount Healthy,39.2336687,-84.5457778
1523,Ohio,Mount Orab,39.0275659,-83.91965200000001
1524,Ohio,Napoleon,41.3922726,-84.1252243
1525,Ohio,New Albany,40.0812545,-82.80874179999999
1526,Ohio,Newton Falls,41.18839,-80.97814679999999
1527,Ohio,North Canton,40.875891,-81.4023356
1528,Ohio,North College Hill,39.2183911,-84.55077779999999
1529,Ohio,Norton,41.0292217,-81.63817949999999
1530,Ohio,Norwood,39.1644798,-84.4542798
1531,Ohio,Oak Harbor,41.5067173,-83.1465875
1532,Ohio,Ontario,40.7595012,-82.5901725
1533,Ohio,Pickerington,39.8842304,-82.7535049
1534,Ohio,Poland Township,41.0235963,-80.5549561
1535,Ohio,Portsmouth,38.7317431,-82.9976742
1536,Ohio,Reading,39.2236694,-84.44216410000001
1537,Ohio,Reynoldsburg,39.9547861,-82.81211909999999
1538,Ohio,Riverside,39.779781,-84.12410469999999
1539,Ohio,Ross Township,39.3122782,-84.65050339999999
1540,Ohio,Shelby,40.88144519999999,-82.6618424
1541,Ohio,Sidney,40.2842164,-84.1554987
1542,Ohio,Solon,41.3897764,-81.44122589999999
1543,Ohio,"Springfield Township, Summit County",41.0074793,-81.4333923
1544,Ohio,Sylvania Township,41.68989550000001,-83.7411631
1545,Ohio,Tipp City,39.9583892,-84.17216379999999
1546,Ohio,Toledo,41.6528052,-83.5378674
1547,Ohio,Trotwood,39.7972788,-84.3113334
1548,Ohio,Upper Arlington,39.99450840000001,-83.0624078
1549,Ohio,Urbana,40.1083912,-83.7524298
1550,Ohio,Van Wert,40.8694927,-84.58412229999999
1551,Ohio,Village of Leesburg,39.3450634,-83.5529748
1552,Ohio,Wapakoneta,40.5678265,-84.1935594
1553,Ohio,Washington Court House,39.5373688,-83.437579
1554,Ohio,Wauseon,41.5492182,-84.14161469999999
1556,Ohio,Wilmington,39.4453393,-83.8285375
1557,Ohio,Wooster,40.8050565,-81.935143
1558,Ohio,Youngstown,41.0997803,-80.6495194
1559,Ohio,Zanesville,39.9403453,-82.0131924
1561,Ohio,Bowling Green State University,41.3797788,-83.6300826
1562,Ohio,Notre Dame College,41.5075546,-81.5155094
1563,Ohio,"Ohio State University, Columbus",40.0068363,-83.0306222
1597,Oklahoma,Cushing,35.9850639,-96.76697
1598,Oklahoma,Enid,36.3955891,-97.8783911
1599,Oklahoma,Jay,36.4211914,-94.7968959
1600,Oklahoma,Maud,35.130355,-96.77585289999999
1601,Oklahoma,Muskogee,35.7478769,-95.3696909
1602,Oklahoma,Norman,35.2225668,-97.4394777
1603,Oklahoma,North Enid,36.4355886,-97.8689466
1604,Oklahoma,Oklahoma City,35.4675602,-97.5164276
1605,Oklahoma,Owasso,36.2695388,-95.8547119
1606,Oklahoma,Tulsa,36.1539816,-95.99277500000001
1607,Oklahoma,Woodward,36.4336481,-99.3903862
1618,Oregon,Albany,44.6365107,-123.1059282
1619,Oregon,Ashland,42.1945758,-122.7094767
1620,Oregon,Astoria,46.1878841,-123.8312534
1621,Oregon,Baker City,44.7748748,-117.8343848
1622,Oregon,Bend,44.0581728,-121.3153096
1623,Oregon,Corvallis,44.5645659,-123.2620435
1624,Oregon,Eugene,44.0520691,-123.0867536
1625,Oregon,Grants Pass,42.4390069,-123.3283925
1626,Oregon,Hermiston,45.8404101,-119.2894604
1627,Oregon,Hillsboro,45.5272177,-122.9360906
1628,Oregon,Klamath Falls,42.224867,-121.7816704
1629,Oregon,McMinnville,45.21011619999999,-123.1987163
1630,Oregon,Medford,42.3265152,-122.8755949
1631,Oregon,Milwaukie,45.4465305,-122.6322812
1632,Oregon,Newberg-Dundee,45.2762108,-123.0124765
1633,Oregon,North Bend,43.4065012,-124.2242803
1634,Oregon,Oregon City,45.3364465,-122.6050422
1635,Oregon,Portland,45.5051064,-122.6750261
1636,Oregon,Reedsport,43.7023389,-124.0967779
1637,Oregon,Salem,44.9428975,-123.0350963
1638,Oregon,Springfield,44.0462362,-123.0220289
1639,Oregon,Tigard,45.4186785,-122.7872475
1640,Oregon,West Linn,45.3859859,-122.6400839
1641,Oregon,Woodburn,45.143731,-122.8553724
1643,Oregon,Portland State University,45.5111471,-122.6834235
1656,Pennsylvania,Bethlehem,40.6259316,-75.37045789999999
1657,Pennsylvania,Horsham Township,40.1784422,-75.1285061
1658,Pennsylvania,Northern York County Regional,40.0086231,-76.8284053
1659,Pennsylvania,Old Lycoming Township,41.2608137,-77.09098089999999
1660,Pennsylvania,Philadelphia,39.9525839,-75.1652215
1661,Pennsylvania,Pittsburgh,40.44062479999999,-79.9958864
1662,Pennsylvania,State College,40.7933949,-77.8600012
1663,Pennsylvania,"Washington Township, Franklin County",39.7469367,-77.5275463
1664,Pennsylvania,Watsontown,41.0845277,-76.8638522
1666,Pennsylvania,California University,40.063294,-79.8824041
1667,Pennsylvania,Lehigh University,40.6048687,-75.3775187
1668,Pennsylvania,"Pennsylvania State University, University Park",40.8147955,-77.86531260000001
1669,Pennsylvania,"University of Pittsburgh, Pittsburgh",40.4443533,-79.960835
1675,Rhode Island,Coventry,41.6885978,-71.5642076
1676,Rhode Island,Cumberland,41.9721816,-71.4061876
1677,Rhode Island,Johnston,41.8205199,-71.51261699999999
1678,Rhode Island,Newport,41.4901024,-71.3128285
1679,Rhode Island,North Kingstown,41.5568315,-71.4536835
1680,Rhode Island,Pawtucket,41.878711,-71.38255579999999
1681,Rhode Island,Providence,41.8239891,-71.4128343
1682,Rhode Island,South Kingstown,41.4475686,-71.524667
1687,South Carolina,Beaufort,32.4315813,-80.6698286
1688,South Carolina,Blacksburg,35.1212408,-81.51592459999999
1689,South Carolina,Bluffton,32.2371465,-80.8603868
1690,South Carolina,Calhoun Falls,34.0923375,-82.5956875
1691,South Carolina,Cayce,33.96570910000001,-81.0739827
1692,South Carolina,Chapin,34.1659795,-81.3498211
1693,South Carolina,Conway,33.8360034,-79.0478143
1694,South Carolina,Duncan,34.9378962,-82.1451096
1695,South Carolina,Easley,34.829838,-82.6015206
1696,South Carolina,Elloree,33.5309936,-80.5720319
1697,South Carolina,Estill,32.754891,-81.2420467
1698,South Carolina,Forest Acres,34.019322,-80.98981280000001
1699,South Carolina,Georgetown,33.376834,-79.2944964
1700,South Carolina,Greenville,34.85261759999999,-82.3940104
1701,South Carolina,Greer,34.9387279,-82.2270568
1702,South Carolina,Hartsville,34.3740431,-80.07340049999999
1703,South Carolina,Holly Hill,33.3226624,-80.41370370000001
1704,South Carolina,Inman,35.0470617,-82.0901088
1706,South Carolina,Manning,33.6951627,-80.2109134
1707,South Carolina,Myrtle Beach,33.6890603,-78.8866943
1708,South Carolina,North Charleston,32.8771106,-80.0130514
1709,South Carolina,Pickens,34.8834489,-82.7073573
1710,South Carolina,Rock Hill,34.9248667,-81.02507840000001
1711,South Carolina,South Congaree,33.9109851,-81.1356517
1712,South Carolina,Springfield,33.4968163,-81.2792711
1713,South Carolina,Summerville,33.0185039,-80.17564809999999
1714,South Carolina,Winnsboro,34.3807012,-81.0864776
1715,South Carolina,Yemassee,32.6896727,-80.8504422
1716,South Carolina,York,34.9943021,-81.24201750000002
1718,South Carolina,Benedict College,34.012867,-81.020461
1719,South Carolina,Medical University of South Carolina,32.7850493,-79.9478413
1745,South Dakota,Box Elder,44.1124877,-103.0682323
1746,South Dakota,Brookings,44.3113573,-96.79838769999999
1747,South Dakota,Flandreau,44.0494154,-96.59532399999999
1748,South Dakota,Huron,44.3633173,-98.21425719999999
1749,South Dakota,Rapid City,44.0805434,-103.2310149
1750,South Dakota,Sioux Falls,43.5473028,-96.728333
1751,South Dakota,Vermillion,42.7794417,-96.9292104
1752,South Dakota,Watertown,44.8994088,-97.1150732
1762,Tennessee,Alcoa,35.7895271,-83.9737935
1763,Tennessee,Algood,36.1958946,-85.44858490000001
1764,Tennessee,Bartlett,35.2045328,-89.8739753
1765,Tennessee,Brighton,35.4835154,-89.7392515
1766,Tennessee,Chattanooga,35.0456297,-85.3096801
1767,Tennessee,Clarksville,36.5297706,-87.3594528
1768,Tennessee,Cleveland,35.1595182,-84.8766115
1769,Tennessee,Clifton,35.3870197,-87.9953067
1770,Tennessee,Clinton,36.1034126,-84.1318632
1771,Tennessee,Covington,35.5648087,-89.64897859999999
1772,Tennessee,Crossville,35.9489566,-85.0269014
1773,Tennessee,Dandridge,36.0153693,-83.4148895
1774,Tennessee,Dover,36.4878291,-87.83835669999999
1775,Tennessee,Dyersburg,36.0345159,-89.38562809999999
1776,Tennessee,Elizabethton,36.3487196,-82.21068760000001
1777,Tennessee,Franklin,35.9250637,-86.8688899
1778,Tennessee,Germantown,35.0867577,-89.8100858
1779,Tennessee,Greenbrier,36.4275477,-86.8047199
1780,Tennessee,Greeneville,36.1631574,-82.83098609999999
1781,Tennessee,Hendersonville,36.3047735,-86.6199957
1782,Tennessee,Jackson,35.6145169,-88.81394689999999
1783,Tennessee,Kingsport,36.548434,-82.5618186
1784,Tennessee,Knoxville,35.9606384,-83.9207392
1785,Tennessee,Lebanon,36.2081098,-86.2911024
1786,Tennessee,Maryville,35.7564719,-83.9704593
1787,Tennessee,McMinnville,35.6865889,-85.7801453
1788,Tennessee,Memphis,35.1495343,-90.0489801
1789,Tennessee,Metropolitan Nashville Police Department,36.2040358,-86.7475212
1790,Tennessee,Millington,35.3414744,-89.8973084
1791,Tennessee,Morristown,36.2139814,-83.29489219999999
1792,Tennessee,Mount Juliet,36.200055,-86.5186054
1793,Tennessee,Munford,35.448573,-89.8150444
1794,Tennessee,Murfreesboro,35.8456213,-86.39027
1795,Tennessee,Oak Ridge,36.0103561,-84.26964490000002
1796,Tennessee,Pigeon Forge,35.7884241,-83.55433289999999
1797,Tennessee,Ripley,35.7453552,-89.5297973
1798,Tennessee,Sevierville,35.8681455,-83.56183500000002
1799,Tennessee,Shelbyville,35.483406,-86.46027169999999
1800,Tennessee,Springfield,36.5092118,-86.8849984
1801,Tennessee,Spring Hill,35.751179,-86.9300023
1802,Tennessee,Trenton,35.9806239,-88.94145379999999
1803,Tennessee,Whitwell,35.2014631,-85.5191323
1805,Tennessee,Tennessee State University,36.1668224,-86.8275815
1806,Tennessee,Vanderbilt University,36.1447034,-86.8026551
1836,Texas,Abilene,32.4487364,-99.73314390000002
1837,Texas,Addison,32.96179,-96.82916850000001
1838,Texas,Arlington,32.735687,-97.10806559999999
1839,Texas,Austin,30.267153,-97.7430608
1840,Texas,Balch Springs,32.7287413,-96.62277139999999
1841,Texas,Bellmead,31.5989517,-97.0894496
1843,Texas,Borger,35.6678203,-101.3973876
1844,Texas,Breckenridge,32.7556768,-98.90228979999999
1845,Texas,Brenham,30.1668828,-96.39774419999999
1846,Texas,Bridgeport,33.2101155,-97.75475519999999
1847,Texas,Brownsville,25.9017472,-97.4974838
1848,Texas,Brownwood,31.7093197,-98.9911611
1849,Texas,Burleson,32.5420821,-97.3208492
1850,Texas,Canyon,32.0045266,-110.1392363
1851,Texas,Carrollton,32.9756415,-96.8899636
1852,Texas,Carthage,32.1573841,-94.3374199
1853,Texas,Cedar Park,30.505198,-97.8202888
1854,Texas,Cisco,32.38818610000001,-98.97923360000001
1855,Texas,Conroe,30.3118769,-95.45605119999999
1856,Texas,Corpus Christi,27.8005828,-97.39638099999999
1857,Texas,Dallas,32.7766642,-96.79698789999999
1858,Texas,Dayton,30.0466051,-94.8852026
1859,Texas,Decatur,33.2342834,-97.5861393
1860,Texas,Del Rio,29.3708857,-100.8958674
1861,Texas,Denton,33.2148412,-97.13306829999999
1862,Texas,DeSoto,32.5896998,-96.8570738
1863,Texas,Dumas,35.8653789,-101.9732236
1864,Texas,El Campo,29.19664049999999,-96.2696867
1865,Texas,Elgin,30.3496528,-97.3702735
1866,Texas,El Paso,31.7618778,-106.4850217
1867,Texas,Ennis,32.3293111,-96.6252679
1868,Texas,Ferris,32.5340262,-96.6655488
1869,Texas,Fort Worth,32.7554883,-97.3307658
1870,Texas,Freeport,28.9541368,-95.35966169999999
1871,Texas,Frisco,33.1506744,-96.82361159999999
1872,Texas,Garland,32.912624,-96.63888329999999
1873,Texas,Georgetown,30.6332618,-97.6779842
1874,Texas,Gladewater,32.53653329999999,-94.94271680000001
1875,Texas,Graham,33.1070597,-98.589502
1876,Texas,Grand Prairie,32.7459645,-96.99778459999999
1878,Texas,Harlingen,26.1906306,-97.69610259999999
1879,Texas,Hedwig Village,29.7809441,-95.5212311
1880,Texas,Henderson,32.1532156,-94.7993802
1881,Texas,Highland Village,33.091788,-97.0466759
1882,Texas,Hillsboro,32.0109886,-97.13000609999999
1883,Texas,Horseshoe Bay,30.5421579,-98.38827230000001
1884,Texas,Houston,29.7604267,-95.3698028
1885,Texas,Iowa Park,33.9514847,-98.6686709
1886,Texas,Jacksonville,31.963778,-95.27050419999999
1887,Texas,Katy,29.7857765,-95.8245093
1888,Texas,Keller,32.9341893,-97.229298
1890,Texas,Lampasas,31.06378399999999,-98.18169569999999
1891,Texas,League City,29.5074538,-95.0949303
1892,Texas,Leander,30.5788055,-97.8530686
1893,Texas,Levelland,33.5873164,-102.37796
1894,Texas,Livingston,30.711029,-94.9329898
1895,Texas,Longview,32.5007037,-94.74048909999999
1896,Texas,Lubbock,33.5778631,-101.8551665
1897,Texas,Lyford,26.4122916,-97.78971759999999
1898,Texas,Manor,30.3407629,-97.55694559999999
1899,Texas,Mesquite,29.9802937,-95.7174531
1900,Texas,Mineral Wells,32.8084605,-98.1128223
1901,Texas,Mont Belvieu,29.8477222,-94.89075799999999
1902,Texas,Nacogdoches,31.6035129,-94.6554874
1903,Texas,New Braunfels,29.7030024,-98.1244531
1904,Texas,North Richland Hills,32.8342952,-97.2289029
1905,Texas,Oak Ridge North,30.1571758,-95.44611479999999
1906,Texas,Odessa,31.8456816,-102.3676431
1907,Texas,Orange,30.0929879,-93.7365549
1908,Texas,Palestine,31.7621153,-95.6307891
1909,Texas,Pampa,35.5361559,-100.9598709
1910,Texas,Pearland,29.5635666,-95.2860474
1911,Texas,Pflugerville,30.4548451,-97.6222665
1912,Texas,Plainview,34.1847936,-101.7068417
1913,Texas,Port Isabel,26.0734119,-97.2085844
1914,Texas,Rockwall,32.93123360000001,-96.4597089
1915,Texas,Rosenberg,29.5571825,-95.80856229999999
1916,Texas,Rusk,31.7960064,-95.15022139999999
1917,Texas,San Antonio,29.4241219,-98.49362819999999
1918,Texas,Sanger,33.3631705,-97.1739027
1919,Texas,San Juan,26.1892409,-98.15528719999999
1920,Texas,San Saba,31.1957234,-98.718098
1921,Texas,Seven Points,32.3204226,-96.2130315
1922,Texas,Silsbee,30.3490976,-94.17796240000001
1923,Texas,Stafford,29.6160671,-95.55772209999999
1924,Texas,Sweetwater,32.4709519,-100.4059384
1926,Texas,Temple,31.0982344,-97.342782
1927,Texas,Tyler,32.3512601,-95.30106239999999
1928,Texas,Victoria,28.8052674,-97.0035982
1929,Texas,Vidor,30.1316001,-94.0154541
1930,Texas,Waco,31.549333,-97.1466695
1931,Texas,Watauga,32.8579056,-97.25473710000001
1932,Texas,Wichita Falls,33.9137085,-98.4933873
1934,Texas,Angelo State University,31.4382686,-100.4602762
1935,Texas,Stephen F. Austin State University,31.6206018,-94.64506019999999
1936,Texas,"University of Houston, Central Campus",29.7199489,-95.3422334
1937,Texas,"University of Texas, Arlington",32.7291229,-97.11209140000001
1938,Texas,"University of Texas, Houston",29.7120163,-95.39779999999999
1969,Utah,Bountiful,40.8893895,-111.880771
1970,Utah,Clearfield,41.1107771,-112.0260538
1971,Utah,Draper,40.5246711,-111.8638226
1972,Utah,Farmington,40.9804999,-111.8874392
1973,Utah,Hurricane,37.1752607,-113.2899484
1974,Utah,Layton,41.0602216,-111.9710529
1975,Utah,Price,39.5994095,-110.8107148
1976,Utah,Salt Lake City,40.7607793,-111.8910474
1977,Utah,Saratoga Springs,40.3301898,-111.9044877
1978,Utah,South Salt Lake,40.7188354,-111.8882691
1979,Utah,St. George,37.0965278,-113.5684164
1980,Utah,Vernal,40.4555157,-109.5287479
1981,Utah,Washington,37.1305373,-113.5082867
1982,Utah,West Bountiful,40.8938339,-111.9018828
1983,Utah,Woods Cross,40.8716119,-111.89216
1992,Vermont,Barre,44.1970055,-72.50204939999999
1993,Vermont,Barre Town,44.1608357,-72.44839069999999
1994,Vermont,Bellows Falls,43.133411,-72.44397719999999
1995,Vermont,Brandon,43.7981195,-73.0876119
1996,Vermont,Brattleboro,42.8509152,-72.5578678
1997,Vermont,Burlington,44.4758825,-73.21207199999999
1998,Vermont,Essex,44.4905054,-73.1112433
1999,Vermont,Hartford,43.6637411,-72.3696992
2000,Vermont,Lyndonville,44.5336665,-72.0031514
2001,Vermont,Milton,44.63974049999999,-73.11039079999999
2002,Vermont,Montpelier,44.26005929999999,-72.5753869
2003,Vermont,Morristown,44.5572744,-72.6237275
2004,Vermont,South Burlington,44.4669941,-73.1709604
2005,Vermont,Springfield,43.2984078,-72.4823117
2006,Vermont,St. Albans,44.8107132,-73.0835582
2007,Vermont,St. Johnsbury,44.4192627,-72.0151184
2008,Vermont,Stowe,44.4654332,-72.6874023
2009,Vermont,Swanton,44.9180982,-73.1242977
2010,Vermont,Williston,44.4454432,-73.099194
2011,Vermont,Winhall,43.1558097,-72.9133169
2013,Vermont,University of Vermont,44.4778528,-73.1964637
2025,Virginia,Alexandria,38.8048355,-77.0469214
2026,Virginia,Bristol,36.595142,-82.1887368
2027,Virginia,Charlottesville,38.0293059,-78.47667810000002
2028,Virginia,Chesapeake,36.7682088,-76.2874927
2029,Virginia,Fairfax City,38.84622359999999,-77.30637329999999
2030,Virginia,Falls Church,38.88233400000001,-77.1710914
2031,Virginia,Front Royal,38.9181671,-78.1944446
2032,Virginia,Hampton,37.0298687,-76.34522179999999
2033,Virginia,Middleburg,38.9687211,-77.7355496
2034,Virginia,Newport News,37.0870821,-76.4730122
2035,Virginia,Orange,38.2454106,-78.1108342
2036,Virginia,Petersburg,37.2279279,-77.40192669999999
2037,Virginia,Suffolk,36.7282054,-76.5835621
2038,Virginia,Vienna,38.9012225,-77.2652604
2039,Virginia,Virginia Beach,36.8529263,-75.97798499999999
2040,Virginia,Williamsburg,37.2707022,-76.7074571
2042,Virginia,George Mason University,38.8298118,-77.3073606
2043,Virginia,Northern Virginia Community College,38.8339538,-77.23669710000001
2044,Virginia,Old Dominion University,36.8841106,-76.304239
2045,Virginia,University of Mary Washington,38.3013039,-77.47447
2046,Virginia,University of Virginia,38.0335529,-78.5079772
2047,Virginia,Virginia Commonwealth University,37.5483122,-77.4526805
2084,Washington,Airway Heights,47.644611,-117.5932727
2085,Washington,Auburn,47.30732279999999,-122.2284532
2086,Washington,Bellevue,47.6101497,-122.2015159
2087,Washington,Bellingham,48.7519112,-122.4786854
2088,Washington,Bothell,47.76011099999999,-122.2054452
2089,Washington,Castle Rock,46.275111,-122.9076141
2090,Washington,Centralia,46.7162136,-122.9542972
2091,Washington,Cheney,47.4873895,-117.5757622
2092,Washington,Clarkston,46.4162723,-117.0451581
2093,Washington,Dupont,47.10032229999999,-122.6447891
2094,Washington,Edgewood,47.25010049999999,-122.293732
2095,Washington,Edmonds,47.8106521,-122.3773551
2096,Washington,Everett,47.9789848,-122.2020795
2097,Washington,Fircrest,47.2395428,-122.5159586
2098,Washington,Issaquah,47.5301011,-122.0326191
2099,Washington,Kennewick,46.2086683,-119.119948
2100,Washington,Kent,47.3809335,-122.2348432
2101,Washington,Kirkland,47.6768927,-122.2059833
2102,Washington,Lacey,47.0358969,-122.8232553
2103,Washington,Lake Forest Park,47.7601288,-122.283982
2104,Washington,Lake Stevens,48.01509799999999,-122.0637425
2105,Washington,Lakewood,47.1717649,-122.518458
2106,Washington,Longview,46.1381676,-122.9381672
2107,Washington,Lynden,48.9428018,-122.4529469
2108,Washington,Lynnwood,47.8209301,-122.3151314
2109,Washington,Marysville,48.0517637,-122.1770818
2110,Washington,Mill Creek,47.8600971,-122.2042966
2111,Washington,Monroe,40.1455092,-89.3579271
2112,Washington,Morton,46.5584421,-122.2751046
2113,Washington,Mountlake Terrace,47.7881528,-122.3087405
2114,Washington,Mount Vernon,38.707982,-77.0861753
2115,Washington,Newcastle,54.89743199999999,-1.517366
2116,Washington,Oak Harbor,48.28829469999999,-122.6484205
2117,Washington,Ocean Shores,47.0074167,-124.1613654
2118,Washington,Olympia,47.0378741,-122.9006951
2119,Washington,Port Angeles,48.118146,-123.4307413
2120,Washington,Port Townsend,48.11703869999999,-122.7604471
2121,Washington,Pullman,46.7297771,-117.1817377
2122,Washington,Puyallup,47.1853785,-122.2928974
2123,Washington,Redmond,47.6739881,-122.121512
2124,Washington,Renton,47.4796927,-122.2079218
2125,Washington,Sammamish,47.61626829999999,-122.0355736
2126,Washington,SeaTac,47.4435903,-122.2960726
2127,Washington,Seattle,47.6062095,-122.3320708
2128,Washington,Sedro Woolley,48.50389,-122.2361101
2129,Washington,Spokane,47.6587802,-117.4260465
2130,Washington,Spokane Valley,47.6732281,-117.2393748
2131,Washington,Tacoma,47.2528768,-122.4442906
2132,Washington,Tukwila,47.4748399,-122.2726248
2133,Washington,Tumwater,47.0073187,-122.9093063
2134,Washington,Vancouver,45.6257379,-122.6760886
2135,Washington,Walla Walla,46.0645809,-118.3430208
2136,Washington,Woodland,45.9045591,-122.7439912
2137,Washington,Yakima,46.6020711,-120.5058987
2139,Washington,University of Washington,47.6912794,-122.3176141
2140,Washington,Western Washington University,48.7342877,-122.4866103
2163,West Virginia,Buckhannon,38.9939872,-80.2320276
2164,West Virginia,Charleston,38.3498195,-81.6326234
2165,West Virginia,Fairmont,39.4850848,-80.1425781
2166,West Virginia,Huntington,38.4192496,-82.44515400000002
2167,West Virginia,Kenova,38.3989711,-82.5782139
2168,West Virginia,Moundsville,39.9203526,-80.7431407
2169,West Virginia,Parkersburg,39.2667418,-81.56151349999999
2170,West Virginia,Ranson,39.2951013,-77.8605508
2171,West Virginia,Ravenswood,38.9481366,-81.7609646
2172,West Virginia,Vienna,39.3270191,-81.5484578
2189,Wisconsin,Appleton,44.2619309,-88.41538469999999
2190,Wisconsin,Ashwaubenon,44.4822137,-88.0701033
2191,Wisconsin,Beaver Dam,43.4577692,-88.837329
2192,Wisconsin,Fox Valley Metro,44.2827866,-88.31743879999999
2193,Wisconsin,Hudson,44.9746896,-92.7568703
2194,Wisconsin,Janesville,42.6827885,-89.0187222
2195,Wisconsin,Lake Delton,43.6010909,-89.7937357
2196,Wisconsin,Marshall Village,43.1683286,-89.0667775
2197,Wisconsin,Mayville,43.4941611,-88.5448237
2198,Wisconsin,McFarland,43.0124984,-89.2898397
2199,Wisconsin,Merrill,45.1805223,-89.683459
2200,Wisconsin,Milwaukee,43.0389025,-87.9064736
2201,Wisconsin,New London,44.3927582,-88.7398256
2202,Wisconsin,Phillips,45.6966257,-90.4004296
2203,Wisconsin,Seymour,44.5149879,-88.3303798
2204,Wisconsin,Sheboygan,43.7508284,-87.71453
2205,Wisconsin,Stevens Point,44.52357920000001,-89.574563
2206,Wisconsin,Waterloo,43.1838843,-88.9884421
2208,Wisconsin,"University of Wisconsin, Platteville",42.7323728,-90.4871294
